Question_ID,Question
1,What are the main distinctions between SEO and SEM in terms of search strategies?
1,Can you explain how SEO contributes to organic search results?
1,What elements are included in SEM apart from organic search?
1,How do SEO and SEM work together to improve online visibility?
1,Is it possible for a business to rely solely on SEO without using SEM?
2,What exactly is a meta description in the context of web content?
2,Can you explain the role of a meta description in search engine results?
2,How does a meta description summarize the content of a webpage?
2,What is the importance of having an effective meta description for SEO?
2,In what way does a meta description influence user engagement with search results?
3,Can you explain what keyword density means in the context of SEO?
3,How is keyword density calculated on a webpage?
3,Why is it important to consider keyword density when optimizing content?
3,What factors influence the ideal keyword density for a webpage?
3,Is there a recommended percentage for keyword density to achieve better search engine rankings?
4,What is a backlink and why is it important for my website's SEO?
4,Can you explain how backlinks can affect my website's traffic?
4,What are some effective strategies for building backlinks to my site?
4,Is there a difference between a dofollow and nofollow backlink?
4,How can I check the backlinks pointing to my website?
5,What does a website audit entail in terms of performance analysis?
5,Can you explain the different aspects that are evaluated during a website audit?
5,How does a website audit help improve a site's SEO and usability?
5,What are the key components examined in a technical analysis during a website audit?
5,Why should I consider conducting a website audit for my online presence?
6,Can you explain what a content calendar is and its purpose in marketing?
6,How does a content calendar help in organizing marketing efforts?
6,What are the key components that should be included in a content calendar?
6,Is a content calendar useful for both social media and blog content?
6,How often should I update my content calendar to keep it relevant?
7,What exactly is a social media algorithm and how does it work?
7,Can you explain the role of social media algorithms in determining the content that I see?
7,What are the main functions of social media algorithms in user feeds?
7,How do social media algorithms impact the visibility of posts on platforms?
7,In what ways do social media algorithms influence user engagement with content?
8,Can you explain what a conversion rate means in the context of digital marketing?
8,How is the conversion rate calculated for an e-commerce website?
8,What actions are typically considered as conversions when measuring conversion rate?
8,Why is understanding the conversion rate important for online businesses?
8,How can I improve the conversion rate of my website?
9,Can you explain what A/B testing is in the context of marketing?
9,What does it mean to perform A/B testing on a webpage or advertisement?
9,How does A/B testing help in improving marketing campaigns?
9,What are the key components involved in conducting A/B testing?
9,Why is it important to compare two versions of a marketing strategy using A/B testing?
10,Can you explain what a heatmap is and how it is used in analyzing user behavior on a webpage?
10,What kind of information can I expect to find in a heatmap regarding user activity?
10,How does a heatmap visually represent the areas of a webpage where users click the most?
10,In what ways can heatmaps be beneficial for improving website design and user experience?
10,Are there specific tools or software recommended for generating heatmaps to track user interactions on my site?
11,Can you explain what a marketing persona is and how it can help my business?
11,What is meant by the term 'marketing persona' in the context of customer engagement?
11,How does creating a marketing persona contribute to understanding my ideal customer?
11,Could you clarify what a marketing persona entails and why it is important?
11,What information is typically included in a marketing persona to represent an ideal customer?
12,Can you explain what a value proposition is and how it can benefit my marketing strategy?
12,What are the key components that make up a strong value proposition?
12,How does a well-defined value proposition impact customer decision-making?
12,In what ways can I effectively communicate my value proposition to my target audience?
12,Are there any examples of successful value propositions that I can learn from?
13,What exactly is meant by the term lead magnet in marketing?
13,How does a lead magnet help in acquiring potential customers?
13,Can you explain the purpose of a lead magnet in a marketing strategy?
13,What type of incentives are typically used as lead magnets?
13,Why is it important to collect contact information using a lead magnet?
14,Can you explain what a customer journey map is and its purpose in marketing?
14,What kind of information can I expect to find in a customer journey map?
14,How does a customer journey map help in understanding customer behavior?
14,In what ways can a business utilize a customer journey map to improve customer experience?
14,Are there any specific elements that should be included in a customer journey map?
15,Can you explain what a marketing automation platform is in detail?
15,What functions can a marketing automation platform perform within my marketing strategy?
15,How does a marketing automation platform help in streamlining marketing tasks?
15,What are the benefits of using a marketing automation platform for businesses?
15,Is there a difference between a marketing automation platform and traditional marketing methods?
16,What does CRM stand for in the context of a business management system?
16,How can a CRM system help improve customer interactions within a company?
16,What functions are typically included in a CRM system to manage customer relationships?
16,Can you explain the main purpose of using a CRM system in a business environment?
16,What types of businesses or industries can benefit from implementing a CRM system?
17,What is the purpose of a marketing dashboard in evaluating performance?
17,How can a marketing dashboard help me track my marketing metrics?
17,What types of metrics can I find on a marketing dashboard?
17,Is a marketing dashboard suitable for all types of businesses?
17,Are there specific features I should look for in a marketing dashboard?
18,Can you explain what a marketing funnel is and its significance in the customer journey?
18,What stages are involved in a typical marketing funnel from awareness to purchase?
18,How does a marketing funnel help businesses understand their customers better?
18,In what ways can I utilize a marketing funnel to improve my sales strategy?
18,Could you provide examples of the customer journey as illustrated by a marketing funnel?
19,What does the term 'call to action' refer to in marketing strategies?
19,Can you explain what a CTA is and its purpose on a website?
19,What kind of actions does a call to action typically encourage visitors to take?
19,In what ways can a well-designed CTA impact user engagement on a website?
19,Why is it important to include a call to action in my marketing content?
20,Can you explain what a landing page is and its purpose in marketing?
20,What specific information is typically captured on a landing page?
20,How does a landing page differ from a regular website?
20,Why is it important to have a well-designed landing page for my marketing campaigns?
20,What elements should be included on a landing page to maximize conversions?
21,Can you explain what a content marketing strategy entails and its key components?
21,What does it mean to create and distribute valuable content within a content marketing strategy?
21,How does a content marketing strategy contribute to achieving business goals?
21,Why is consistency important in a content marketing strategy?
21,What types of content should be included in an effective content marketing strategy?
22,Can you explain what a social media audit entails and what aspects it covers?
22,What are the key components involved in conducting a social media audit?
22,How does a social media audit help in understanding my brand's online presence?
22,What specific metrics should I focus on during a social media audit?
22,Why is it important to regularly perform a social media audit?
23,Can you explain what a paid search campaign is and where it appears?
23,What does a paid search campaign refer to in the context of digital marketing?
23,"In terms of online advertising, what is meant by a paid search campaign?"
23,Could you clarify the concept of a paid search campaign and its visibility on search engine results?
23,What are the key characteristics of a paid search campaign and how does it function in SERPs?
24,Can you explain what is meant by email marketing automation?
24,What tasks can be automated in email marketing?
24,How does email marketing automation improve campaign effectiveness?
24,What role does user behavior play in email marketing automation?
24,Are there specific tools recommended for implementing email marketing automation?
25,Can you explain what a marketing analytics tool is and how it can benefit my business?
25,What functionalities should I expect from a marketing analytics tool?
25,How does a marketing analytics tool help in measuring marketing performance?
25,What are some common features of a marketing analytics tool?
25,Is a marketing analytics tool essential for every business that engages in marketing activities?
26,Can you explain what a marketing attribution model is and why it is important for businesses?
26,What methods are commonly used in marketing attribution models to determine channel effectiveness?
26,How does a marketing attribution model help in understanding conversion rates for different marketing tactics?
26,What are the benefits of using a marketing attribution model in a company's marketing strategy?
26,In what ways can a company improve its marketing efforts by analyzing its marketing attribution model?
27,Can you explain what a marketing plan is and what it typically includes?
27,What elements should I consider when creating a marketing plan?
27,How can a marketing plan help improve my business performance?
27,What are the key benefits of having a marketing plan in place?
27,Is there a specific format I should follow when drafting a marketing plan?
28,What does the term marketing budget refer to in the context of a business?
28,How is a marketing budget defined in relation to overall financial planning?
28,Can you explain what a marketing budget encompasses?
28,What kind of activities might be included in a marketing budget?
28,Why is it important to have a clearly defined marketing budget for a company?
29,What does it mean to run a marketing campaign in a business context?
29,Can you explain the main components involved in creating a marketing campaign?
29,How does a marketing campaign differ from regular marketing activities?
29,What are some examples of successful marketing campaigns?
29,Why is coordination important in a marketing campaign?
30,Can you explain what a marketing metric is and why it is important?
30,What constitutes a measurable value in the context of marketing metrics?
30,How do marketing metrics help in evaluating the performance of marketing strategies?
30,Are there different types of marketing metrics that I should be aware of?
30,In what ways can marketing metrics influence decision-making in a business?
31,Can you explain what a marketing funnel stage refers to in the context of customer journey?
31,What are the different marketing funnel stages that a customer goes through?
31,"How do awareness, interest, consideration, intent, and purchase fit into a marketing funnel stage?"
31,What is the significance of each marketing funnel stage in the sales process?
31,Could you provide examples of activities associated with each marketing funnel stage?
32,Can you explain what a marketing consultant does in detail?
32,What type of expert advice can I expect from a marketing consultant?
32,How can a marketing consultant help improve my marketing strategies?
32,What are the key roles and responsibilities of a marketing consultant?
32,In what ways do marketing consultants differ from traditional marketers?
33,What services does a marketing agency typically offer to its clients?
33,Can you explain what the role of a marketing agency is in the business world?
33,How does a marketing agency help businesses increase their visibility and reach?
33,"Are there different types of marketing agencies, and what might they specialize in?"
33,What should I consider when choosing a marketing agency for my business needs?
34,Can you explain what a marketing plan template is and how it can help me?
34,What does a marketing plan template include and how is it structured?
34,Is a marketing plan template customizable for different businesses or industries?
34,Where can I find or access a marketing plan template to use for my own plans?
34,What are the benefits of using a marketing plan template instead of creating a plan from scratch?
35,Can you explain what a marketing research report is?
35,What type of document presents findings from a marketing research study?
35,"I'm curious, what information is included in a marketing research report?"
35,How does a marketing research report help businesses?
35,What are the key components of a marketing research report?
36,Can you explain what exactly a marketing dashboard tool is and how it functions in analyzing data?
36,What are the main purposes of using a marketing dashboard tool in a business?
36,How does a marketing dashboard tool assist in visualizing marketing data effectively?
36,What benefits can I expect from using a marketing dashboard tool for my marketing strategies?
36,Are there specific features that a marketing dashboard tool should have for better data analysis?
37,What does marketing funnel analysis entail?
37,How can I use marketing funnel analysis to enhance my customer journey?
37,What are the key stages involved in marketing funnel analysis?
37,Why is it important to conduct a marketing funnel analysis?
37,What are the benefits of identifying areas for improvement in a marketing funnel analysis?
38,Can you explain what a marketing mix model is and how it works?
38,What is the purpose of using a marketing mix model in analyzing sales?
38,How does a marketing mix model help in understanding marketing variables?
38,In what ways can a marketing mix model influence marketing strategy decisions?
38,What types of marketing variables are typically analyzed in a marketing mix model?
39,Can you explain what a marketing optimization tool is and its purpose?
39,How does a marketing optimization tool contribute to the performance of marketing campaigns?
39,In what ways can I utilize a marketing optimization tool for my marketing efforts?
39,Are there specific features I should look for in a marketing optimization tool?
39,What benefits can I expect from using a marketing optimization tool for my campaigns?
40,Can you explain what a marketing automation workflow is and how it operates?
40,What are the components that make up a marketing automation workflow?
40,How do specific events trigger the actions within a marketing automation workflow?
40,In what ways can a marketing automation workflow enhance marketing efficiency?
40,Are there any examples of specific actions that can be included in a marketing automation workflow?
41,What exactly does a marketing segmentation tool do for businesses?
41,How can I effectively use a marketing segmentation tool in my marketing strategy?
41,What are the benefits of using a marketing segmentation tool for my target market?
41,Can you explain the process involved in using a marketing segmentation tool?
41,What types of data does a marketing segmentation tool typically analyze to form groups?
42,What exactly is a marketing personalization tool and how does it function?
42,Can you explain the benefits of using a marketing personalization tool in my campaigns?
42,How can a marketing personalization tool improve customer engagement?
42,What types of businesses can benefit from implementing a marketing personalization tool?
42,Are there any specific features I should look for in a marketing personalization tool?
43,Can you explain what a marketing content calendar is and its purpose?
43,How does a marketing content calendar help in planning content activities?
43,What types of activities are typically included in a marketing content calendar?
43,Is a marketing content calendar useful for managing publishing schedules?
43,How can I create an effective marketing content calendar for my business?
44,What does a marketing performance report typically include?
44,How often should I create a marketing performance report?
44,Can you explain the importance of a marketing performance report?
44,What insights can I gain from analyzing a marketing performance report?
44,Is there a standard format for presenting a marketing performance report?
45,Can you explain what a marketing analytics platform is and its purpose?
45,What resources can I use to learn more about marketing analytics platforms?
45,How does a marketing analytics platform help in understanding marketing data?
45,What features should I look for in a marketing analytics platform?
45,Why is it important to use a marketing analytics platform for my business?
46,Can you explain what a marketing data warehouse is and its purpose in managing data?
46,What types of marketing data can be stored in a marketing data warehouse?
46,How does a marketing data warehouse help in organizing marketing campaigns?
46,Why is it important for businesses to have a centralized repository for their marketing data?
46,What are the benefits of using a marketing data warehouse for data analysis?
47,Can you explain what a marketing data lake is?
47,What type of data is stored in a marketing data lake?
47,How does a marketing data lake differ from a traditional database?
47,What are the benefits of using a marketing data lake?
47,In what scenarios would a company choose to implement a marketing data lake?
48,Can you explain what influencer marketing entails?
48,How does partnering with influencers help promote a brand?
48,What role do influential individuals play in influencer marketing?
48,Can you provide a definition of influencer marketing?
48,Why is influencer marketing considered an effective strategy for brands?
49,Can you explain what a social media contest is and how it functions?
49,What are the key components that define a social media contest?
49,How does a social media contest encourage user participation?
49,What are the typical goals of running a social media contest?
49,In what ways can a social media contest benefit our brand?
50,Can you explain what a social media listening tool is and how it functions?
50,What role does a social media listening tool play in tracking brand mentions?
50,How does a social media listening tool help in understanding sentiment around a brand?
50,In what ways can a business benefit from using a social media listening tool?
50,What types of conversations does a social media listening tool typically monitor on various platforms?
51,What is the purpose of using a social media analytics tool?
51,How can a social media analytics tool benefit my marketing strategy?
51,What kind of metrics can I expect to analyze with a social media analytics tool?
51,Are there specific features that a good social media analytics tool should have?
51,Can a social media analytics tool help me improve my social media campaigns?
52,What are the primary functions of a social media management tool?
52,How can I benefit from using a social media management tool?
52,What features should I look for in a social media management tool?
52,Is a social media management tool suitable for small businesses?
52,Can a social media management tool assist with content scheduling?
53,Can you explain what content curation means in the context of digital marketing?
53,What is the definition of content curation and how does it work?
53,How would you describe the process of content curation to someone unfamiliar with it?
53,Could you provide a detailed explanation of what content curation involves?
53,What types of content are typically included in content curation efforts?
54,What does content marketing analytics entail and why is it important for businesses?
54,How can I measure the effectiveness of my content marketing strategy using analytics?
54,What tools are commonly used for content marketing analytics and which one should I choose?
54,In what ways can content marketing analytics impact my overall marketing strategy?
54,Can you explain how content marketing analytics helps in improving future content creation efforts?
55,What does it mean when we refer to a content marketing funnel in our strategies?
55,Can you explain how a content marketing funnel illustrates the customer's journey?
55,"What stages are typically involved in the content marketing funnel, especially from awareness to purchase?"
55,How can understanding the content marketing funnel benefit our overall marketing efforts?
55,Why is it important to visualize the customer journey as a content marketing funnel?
56,What does it mean to segment an email list in marketing strategies?
56,How can email list segmentation improve my email marketing campaigns?
56,What are the benefits of dividing my email list into smaller groups?
56,Can you explain the process of email list segmentation in detail?
56,Why is it important to target specific groups within my email list?
57,What defines an email marketing campaign and how does it function?
57,Can you explain the primary purpose of an email marketing campaign?
57,What are the key components involved in setting up an email marketing campaign?
57,How does an email marketing campaign benefit a business in promoting its products or services?
57,What types of audiences are typically targeted in an email marketing campaign?
58,Can you explain what an email marketing service provider is and how it functions?
58,What role does an email marketing service provider play in managing campaigns?
58,How can an email marketing service provider assist with sending marketing emails?
58,What are the main features to look for in an email marketing service provider?
58,In what ways can an ESP enhance my email marketing efforts?
59,Can you explain what email marketing analytics is and how it benefits my campaigns?
59,What tools can I use to measure the performance of my email marketing campaigns through analytics?
59,How does email marketing analytics help in optimizing my email marketing strategies?
59,In what ways can I analyze the performance of my email marketing campaigns using analytics?
59,Why is it important to utilize email marketing analytics for my business growth?
60,Can you explain what pay-per-click (PPC) advertising is?
60,What does PPC stand for in the context of online advertising?
60,How does pay-per-click advertising work on search engines?
60,Is there a cost associated with each click in PPC advertising?
60,What platforms can I use for pay-per-click advertising?
61,Can you explain what a PPC ad campaign is in detail?
61,What does the acronym PPC stand for in marketing?
61,How do PPC ad campaigns target specific audiences?
61,What is the purpose of running a PPC ad campaign?
61,Can you give me examples of when to use a PPC ad campaign?
62,What does PPC stand for in the context of advertising?
62,Can you explain how a PPC ad platform helps with campaign management?
62,What are some examples of PPC ad platforms available in the market?
62,How does one determine the budget for a PPC ad campaign?
62,What are the key features to look for in a PPC ad platform?
63,What is the concept of PPC ad targeting in online marketing?
63,Can you explain how PPC ad targeting works for reaching specific audiences?
63,What criteria can I use to define my audience with PPC ad targeting?
63,How does PPC ad targeting help improve the effectiveness of my advertising campaigns?
63,What are the benefits of using demographics and interests in PPC ad targeting?
64,Can you explain what PPC ad bidding means in the context of online advertising?
64,How does the process of PPC ad bidding work for digital marketers?
64,What factors should I consider when deciding how much to bid for PPC ads?
64,Is there a way to optimize my PPC ad bidding strategy for better results?
64,What is the significance of the amount I choose to pay per click in PPC ad bidding?
65,Can you explain what a website analytics tool is and its primary function?
65,How does a website analytics tool assist in examining user behavior on a website?
65,What benefits can I expect from using a website analytics tool for my site?
65,In what ways can a website analytics tool help improve my website's performance?
65,Are there specific features I should look for in a website analytics tool?
66,Can you explain what Google Analytics is and its main function?
66,What type of tool is Google Analytics and who provides it?
66,How does Google Analytics help in analyzing website performance?
66,Is Google Analytics a free or paid service offered by Google?
66,What should I know about Google Analytics as a beginner in website analytics?
67,Can you explain what a website heatmap is and how it benefits my online strategy?
67,What type of information can I gather from a website heatmap regarding user behavior?
67,How does a website heatmap visually represent user activity on my webpage?
67,What are the key features of a website heatmap that I should be aware of?
67,In what ways can a website heatmap help improve user experience on my site?
68,What does it mean when we talk about a website's conversion rate?
68,Can you explain how to calculate the conversion rate for my website?
68,Why is it important to monitor the conversion rate of my site?
68,What types of actions on a website are considered as conversions?
68,How can improving my website's conversion rate benefit my business?
69,What does the term 'bounce rate' refer to in the context of a website?
69,How is the bounce rate of a website calculated?
69,What percentage of visitors is considered a high bounce rate for a website?
69,Why is it important to monitor the bounce rate of my website?
69,Can a high bounce rate negatively impact my website's SEO performance?
70,What is involved in a website redesign?
70,How can a website redesign improve my business?
70,What are the key elements to consider during a website redesign?
70,How often should I consider doing a website redesign?
70,Can a website redesign impact my website's SEO performance?
71,Can you explain what a website hosting provider is and what services they offer?
71,What role does a website hosting provider play in making a website available online?
71,How does a website hosting provider differ from a domain registrar?
71,What should I consider when choosing a website hosting provider for my business?
71,"Are there different types of website hosting providers, and how do they compare?"
72,What does the term 'website domain name' refer to in the context of the internet?
72,Can you explain what a website domain name is and its significance?
72,What is the role of a website domain name when accessing online content?
72,How does a website domain name function in relation to web addresses?
72,"In simple terms, what is meant by a website domain name?"
73,What does CMS stand for in the context of website management?
73,Can you explain the purpose of a content management system for websites?
73,How does a CMS facilitate the creation of website content?
73,What are the key features of a website content management system?
73,Is it necessary to have technical skills to use a CMS for managing website content?
74,Can you explain what a website accessibility audit entails?
74,What does it mean for a website to comply with accessibility standards?
74,How does a website accessibility audit benefit people with disabilities?
74,What are the key components assessed during a website accessibility audit?
74,Why is it important for businesses to conduct a website accessibility audit?
75,Can you explain what a website security audit entails?
75,What does a security audit for a website evaluate in terms of vulnerabilities?
75,Why is it important to perform a website security audit?
75,How can a website security audit help protect against security threats?
75,What are the main goals of conducting a website security audit?
76,What does a website performance audit entail and what aspects does it evaluate?
76,Can you explain the importance of conducting a website performance audit for an online business?
76,How often should I consider performing a website performance audit to ensure optimal performance?
76,What are the common indicators of poor website performance that a website performance audit might identify?
76,In what ways can the findings of a website performance audit help improve user experience on my site?
77,What does conversion rate optimization (CRO) mean in the context of website performance?
77,How can I improve the conversion rate on my website using CRO techniques?
77,What actions are typically considered desired outcomes in conversion rate optimization?
77,Why is conversion rate optimization important for online businesses?
77,Can you explain the main goals of a website's conversion rate optimization process?
78,Can you explain what a website landing page is and its purpose?
78,What specific function does a website landing page serve in digital marketing?
78,How does a landing page differ from other types of web pages on a website?
78,What kind of information can I expect to capture on a landing page?
78,Why is having a dedicated landing page important for my marketing strategy?
79,What does CTA stand for in the context of website design?
79,Can you explain the importance of a call to action on a website?
79,What types of actions might a call to action encourage a visitor to take?
79,How can I create an effective call to action for my website?
79,Are there best practices for placement of a call to action on a webpage?
80,Can you explain what is meant by website user experience (UX)?
80,What does UX stand for in the context of a website?
80,How would you define the user experience when someone interacts with a website?
80,What factors contribute to a positive website user experience (UX)?
80,Why is user experience (UX) important for website design and development?
81,Can you explain what the term 'user interface' or UI means in the context of a website?
81,What does UI represent when we talk about the design of a website?
81,Could you describe the concept of website user interface and its importance?
81,How would you define the visual design aspect of a website in relation to UI?
81,What role does UI play in the overall design and functionality of a website?
82,Can you explain what a website wireframe is and why it's important in the design process?
82,What does a typical website wireframe include in terms of layout and structure?
82,How does a website wireframe differ from a fully designed webpage?
82,"Is a website wireframe meant to be detailed, or is it more of a simple visual representation?"
82,In what stages of web development should a website wireframe be created?
83,Can you explain what a website mockup is in detail?
83,What distinguishes a website mockup from other design representations?
83,How can a website mockup help in the web design process?
83,What level of detail can I expect from a website mockup?
83,In what situations should I consider using a website mockup for my project?
84,Can you explain what a website design agency is and what services they provide?
84,What type of work does a website design agency focus on?
84,How would you define a website design agency?
84,What does a website design agency do to create websites?
84,In what ways can a website design agency help improve my online presence?
85,Can you explain what a website development agency is?
85,What services do website development agencies typically offer?
85,How do I choose the right website development agency for my business?
85,What is the importance of hiring a website development agency?
85,Are there different types of website development agencies?
86,What is the purpose of a website maintenance contract?
86,Can you explain what a website maintenance contract entails?
86,Who typically enters into a website maintenance contract?
86,What are some common services included in a website maintenance contract?
86,How does a website maintenance contract benefit a website owner?
87,Can you explain what a website redesign project entails?
87,What are the main components involved in a website redesign project?
87,How does a website redesign project differ from building a new website?
87,What is the purpose of a website redesign project?
87,Can you provide an overview of the steps involved in a website redesign project?
88,What are the services included in a typical website hosting plan?
88,Can you explain what a website hosting provider does?
88,How can I choose the right website hosting plan for my needs?
88,What factors should I consider when selecting a website hosting plan?
88,Is a website hosting plan necessary for running a website?
89,Can you explain what a website migration involves?
89,What does it mean to move a website from one server to another?
89,Could you provide a definition of website migration?
89,What are the typical reasons for performing a website migration?
89,How does transferring a website to a new platform work?
90,What does it mean to have a website backup?
90,Can you explain what constitutes a website backup?
90,What types of files and data are included in a website backup?
90,Why is it important to have a backup of my website?
90,How often should I perform a website backup to ensure data safety?
91,Can you explain what a website security certificate is and its purpose?
91,What role does a website security certificate play in verifying a website's identity?
91,How does a website security certificate enhance the security of a website?
91,What information is typically included in a website security certificate?
91,Why is it important for websites to have security certificates?
92,What does a website analytics platform do?
92,How can a website analytics platform benefit my online business?
92,What types of data can I track using a website analytics platform?
92,Is a website analytics platform necessary for every website?
92,Can you explain the importance of analyzing user behavior through a website analytics platform?
93,What are the main objectives of social media marketing?
93,How can social media marketing help in reaching my target audience?
93,What platforms are commonly used in social media marketing?
93,Can you explain how social media marketing differs from traditional marketing?
93,What strategies should I consider for effective social media marketing?
94,What does a social media campaign entail in terms of strategy and execution?
94,How can a social media campaign help in promoting my product or service?
94,What are the key components that make up an effective social media campaign?
94,Can you explain the purpose of conducting a social media campaign?
94,What types of platforms are typically used in a social media campaign?
95,What exactly is meant by a social media content calendar?
95,Can you explain the purpose of a social media content calendar?
95,How does a social media content calendar assist in managing social media posts?
95,What information is typically included in a social media content calendar?
95,Why is it important to have a schedule for posting content on social media?
96,What are the main functions of a social media analytics platform?
96,How can a social media analytics platform assist my business in tracking campaign success?
96,What kind of performance metrics can I expect to find in a social media analytics platform?
96,How does a social media analytics platform differ from a regular social media management tool?
96,Can a social media analytics platform provide insights on user engagement and reach?
97,Can you explain what a social media influencer is and how they operate within their online platforms?
97,What role does the size of an influencer's following play in their ability to influence opinions on social media?
97,Are there specific characteristics that define a social media influencer beyond just having a large following?
97,How do social media influencers impact marketing campaigns and brand awareness?
97,What types of platforms do social media influencers commonly use to reach their audiences?
98,Can you explain what a social media advertising platform is and its purpose?
98,How does a social media advertising platform help businesses with their advertising needs?
98,What types of ads can be created on a social media advertising platform?
98,Is it necessary to have a social media advertising platform for marketing in today's digital world?
98,Can you give me examples of popular social media advertising platforms available?
99,What are the primary responsibilities of a social media community manager within a brand?
99,How does a social media community manager interact with a brand's audience?
99,Can you explain the role of a social media community manager in building a brand's online reputation?
99,What skills are necessary for someone to be an effective social media community manager?
99,In what ways does the work of a social media community manager impact a company's overall marketing strategy?
100,What does mobile marketing entail and how does it work to engage customers on their mobile devices?
100,Can you explain the importance of mobile marketing in today's digital landscape?
100,In what ways can businesses utilize mobile marketing to reach their target audience effectively?
100,What are some key strategies employed in mobile marketing to enhance customer engagement?
100,How does mobile marketing differ from traditional marketing methods in terms of customer interaction?
101,What exactly is a mobile app and what purposes does it serve?
101,Can you explain the definition of a mobile app and how it differs from other types of software?
101,What are the characteristics that typically define a mobile app?
101,In what ways are mobile apps specifically designed for mobile devices?
101,How does a mobile app function on a smartphone or tablet?
102,What does it mean to engage in mobile advertising?
102,Can you explain what mobile advertising entails?
102,How is mobile advertising different from traditional advertising?
102,In what ways can businesses benefit from mobile advertising?
102,What platforms are commonly used for mobile advertising?
103,What does mobile marketing automation entail in terms of tasks involved?
103,How can businesses benefit from implementing mobile marketing automation?
103,What types of messages can be automated through mobile marketing?
103,Can you explain the difference between mobile marketing automation and traditional marketing methods?
103,What are some common tools used for mobile marketing automation?
104,What are the key components of mobile marketing analytics?
104,How can mobile marketing analytics improve my marketing strategy?
104,What metrics can I track using mobile marketing analytics?
104,Is it important to use mobile marketing analytics for app promotion?
104,Can mobile marketing analytics help in identifying target audiences?
105,Can you explain what email marketing entails and how it works?
105,What does it mean to send targeted emails in the context of email marketing?
105,How do businesses use email marketing to promote their products or services?
105,What are the key components involved in an effective email marketing campaign?
105,In what ways can I build a list of subscribers for my email marketing efforts?
106,Can you explain what content marketing entails and its purpose?
106,What are the key components that define content marketing?
106,How does content marketing help in attracting a specific audience?
106,What is the significance of consistency in content marketing?
106,In what ways can valuable content contribute to audience retention?
107,What exactly does a content marketing calendar entail and how does it function within a marketing strategy?
107,Can you explain the purpose of having a content marketing calendar for my business?
107,How can a content marketing calendar help in organizing my content creation and publication process?
107,What elements are typically included in a content marketing calendar to make it effective?
107,Is there a recommended timeframe for planning a content marketing calendar in advance?
108,What does inbound marketing refer to in the context of business strategies?
108,How does inbound marketing differ from traditional marketing methods?
108,What types of content are typically used in inbound marketing to attract customers?
108,Can you explain how valuable experiences play a role in inbound marketing?
108,What are some benefits of implementing an inbound marketing strategy for a business?
109,What specific strategies are included in outbound marketing?
109,How does outbound marketing differ from inbound marketing?
109,Can you provide examples of traditional marketing methods used in outbound marketing?
109,What are the advantages of using outbound marketing for my business?
109,How can I effectively implement an outbound marketing campaign?
110,What does the term 'marketing technology stack' refer to in the context of marketing activities?
110,Can you explain what components typically make up a marketing technology stack?
110,How does a marketing technology stack benefit a company's marketing efforts?
110,What types of software tools are commonly included in a marketing technology stack?
110,"Is a marketing technology stack essential for effective marketing campaigns, and why?"
111,What are the primary responsibilities of a marketing operations team?
111,Can you explain the role of the marketing operations team in daily marketing activities?
111,How does a marketing operations team contribute to executing marketing strategies?
111,What types of tasks are typically handled by a marketing operations team?
111,Why is a marketing operations team important for effective marketing execution?
112,Can you explain the role and responsibilities of a marketing operations manager?
112,What is the significance of having a marketing operations manager in an organization?
112,How does a marketing operations manager interact with other teams within the marketing department?
112,What qualifications or skills are typically required to become a marketing operations manager?
112,What are the main tasks that a marketing operations manager is responsible for overseeing?
113,What does a marketing operations platform do for my business?
113,Can you explain the main features of a marketing operations platform?
113,How can a marketing operations platform help streamline my marketing processes?
113,What types of tasks can be automated using a marketing operations platform?
113,"Is a marketing operations platform suitable for small businesses, or is it only for larger enterprises?"
114,Can you explain what a marketing operations analyst does in relation to marketing data?
114,What specific tasks are performed by a marketing operations analyst when analyzing performance?
114,Could you describe the role of a marketing operations analyst in optimizing marketing strategies?
114,What skills are typically required for someone to be effective as a marketing operations analyst?
114,How does a marketing operations analyst contribute to the overall success of a marketing team?
115,What role does a marketing operations consultant play in a business?
115,Can you explain the responsibilities of a marketing operations consultant?
115,How can a marketing operations consultant help improve my marketing strategy?
115,What qualifications should I look for in a marketing operations consultant?
115,In what ways can hiring a marketing operations consultant benefit my company?
116,Can you explain what a marketing operations audit entails?
116,What does it mean to assess the efficiency of my marketing operations?
116,How can a marketing operations audit benefit my organization?
116,What specific areas are evaluated in a marketing operations audit?
116,Is a marketing operations audit necessary for all businesses?
117,What defines a best practice in marketing operations?
117,Can you provide an example of a marketing operations best practice?
117,How can implementing marketing operations best practices benefit my team?
117,What are some common marketing operations best practices that businesses should follow?
117,Why is it important to adhere to best practices in marketing operations?
118,What are the benefits of obtaining a marketing operations certification?
118,How can I prepare for the marketing operations certification exam?
118,What topics are covered in the marketing operations certification program?
118,Is prior experience in marketing required to pursue a marketing operations certification?
118,How does a marketing operations certification impact my career opportunities?
119,What type of professionals would benefit from attending a marketing operations conference?
119,Can you explain the main purpose of a marketing operations conference?
119,What can I expect to gain by attending a marketing operations conference?
119,Are there specific trends in marketing operations that are typically discussed at these conferences?
119,How can networking at a marketing operations conference impact my career in marketing?
120,What type of content can I expect to find on a marketing operations blog?
120,Who typically contributes to the articles published on a marketing operations blog?
120,How do marketing operations blogs differ from other types of marketing blogs?
120,Can a marketing operations blog help improve my understanding of marketing analytics?
120,Where can I find reputable marketing operations blogs to follow for industry insights?
121,Can you explain what a marketing operations community is?
121,What is the purpose of a marketing operations community?
121,How do marketing operations professionals benefit from being in a community?
121,Can you tell me more about the activities involved in a marketing operations community?
121,Who typically participates in a marketing operations community?
122,What types of job openings can I expect to find on a marketing operations job board?
122,Are marketing operations job boards specific to certain industries or are they more general?
122,How often are the job listings updated on a marketing operations job board?
122,Can I submit my resume directly through a marketing operations job board?
122,Are there any fees associated with using a marketing operations job board to find job openings?
123,What does a marketing operations salary refer to?
123,How is the salary of a marketing operations professional determined?
123,What factors influence the marketing operations salary?
123,Can you provide examples of typical marketing operations salaries?
123,What qualifications are needed to earn a higher marketing operations salary?
124,What are the typical roles involved in a marketing operations career path?
124,How can I advance in a marketing operations career?
124,What skills are important for a successful marketing operations career path?
124,Is there a specific educational background required for a marketing operations career?
124,What are some common job titles I might encounter in a marketing operations career path?
125,What does a marketing operations consulting firm do for businesses?
125,Can you explain the role of a marketing operations consulting firm?
125,What types of services can I expect from a marketing operations consulting firm?
125,How can a marketing operations consulting firm benefit my organization?
125,What should I look for when selecting a marketing operations consulting firm?
126,Can you explain what a marketing operations outsourcing company is?
126,What services does a marketing operations outsourcing company provide?
126,How does a marketing operations outsourcing company operate on a contract basis?
126,Why would a business choose to work with a marketing operations outsourcing company?
126,What are the benefits of utilizing a marketing operations outsourcing company for my marketing needs?
127,What exactly does a marketing operations software provider do in relation to marketing strategies?
127,Can you explain the role of a marketing operations software provider in facilitating marketing campaigns?
127,How does a marketing operations software provider differ from other types of software vendors?
127,What kind of software solutions can I expect from a marketing operations software provider?
127,Why is it important to utilize a marketing operations software provider for my marketing team?
128,What is a marketing operations case study and how is it structured?
128,Can you provide an example of a marketing operations case study?
128,What key elements should be included in a marketing operations case study?
128,How can a marketing operations case study benefit my business?
128,Where can I find more information on marketing operations case studies?
129,What exactly does a marketing operations whitepaper contain in terms of information?
129,How can I use a marketing operations whitepaper to improve my marketing strategies?
129,Are there specific topics covered in a marketing operations whitepaper that I should be aware of?
129,What are the benefits of reading a marketing operations whitepaper for my business?
129,Can you explain the importance of a marketing operations whitepaper in the context of marketing research?
130,Can you explain what exactly a marketing operations webinar is?
130,What type of content can I expect from a marketing operations webinar?
130,Are marketing operations webinars live or pre-recorded presentations?
130,What topics are typically covered in a marketing operations webinar?
130,How can I participate in a marketing operations webinar?
131,Can you explain what a marketing operations podcast is and what topics it covers?
131,What kind of content can I expect to hear in a marketing operations podcast?
131,Is a marketing operations podcast suitable for someone new to marketing?
131,Are there any specific marketing operations topics that are commonly discussed in these podcasts?
131,How can a marketing operations podcast benefit my understanding of marketing strategies?
132,What does a marketing operations certification exam evaluate in terms of professional skills?
132,Can you explain the purpose of a marketing operations certification exam?
132,Who can take the marketing operations certification exam and what are the prerequisites?
132,How can I prepare for a marketing operations certification exam effectively?
132,What benefits can I expect after successfully passing a marketing operations certification exam?
133,What is the purpose of a marketing operations professional association?
133,Who can become a member of a marketing operations professional association?
133,What kind of resources do marketing operations professional associations provide to their members?
133,How does a marketing operations professional association advocate for the industry?
133,What are some benefits of joining a marketing operations professional association?
134,Can you explain what a marketing operations job entails and what qualifications are required for this position?
134,What are the key responsibilities associated with a marketing operations role?
134,What should I include in a job description for a marketing operations position?
134,How does a marketing operations job description differ from other marketing roles?
134,What are the essential skills needed for someone looking to work in marketing operations?
135,What kind of information can I expect to find in a marketing operations salary survey?
135,How can a marketing operations salary survey benefit my career in marketing?
135,Are marketing operations salary surveys specific to certain regions or industries?
135,How frequently are marketing operations salary surveys conducted and updated?
135,Is there a way to access historical data from past marketing operations salary surveys?
136,Can you explain what a marketing operations industry report is and its significance?
136,What type of insights can I expect to find in a marketing operations industry report?
136,What are some of the trends highlighted in a marketing operations industry report?
136,How can a marketing operations industry report help me understand the challenges in the field?
136,Is a marketing operations industry report beneficial for making strategic marketing decisions?
